,ticid,colpx,rowpx
0,150643552,45.82430735159173,1871.5132074868454
1,154647713,47.714917118098285,415.5689801912986
2,154645042,48.38427094643665,583.6622735384299
3,154700068,50.54461327607307,78.50859590800377
4,257335876,52.818520872154465,2014.6736233339486
5,356062292,55.31185683235741,1467.2023386611695
6,154699543,58.90187956935571,236.16051576942456
7,356062149,59.005417182673646,1427.8819246709486
8,150644210,59.67826817575485,1787.5612148096307
9,356066153,60.07260379956601,1315.8395481546322
10,1308669393,62.083390131074296,522.4749687310233
11,349532177,63.0927510181111,1634.7120505296866
12,351654386,64.52355538393667,884.3691815526569
13,351654581,67.2890363594331,936.8685273162288
14,257336558,68.10592808463565,2044.6429240558102
15,310668686,68.91485573765718,104.22094834562289
16,154699609,69.40227101720208,205.16618914506802
17,154664305,71.10806492329868,497.17840061146524
18,154664304,71.21209994680953,497.00452059223414
19,356062524,74.5363793033349,1529.6062515976896
20,349532858,82.86027920245128,1862.8693784808088
21,154704465,83.10359346873605,30.74420859048562
22,154664604,83.1096989509804,570.4670753399982
23,154664497,86.0485166586194,544.5216961617978
24,1308480418,86.06491121045141,190.18788812361046
25,356101008,86.62289042424753,1255.4872049280866
26,257400803,87.38790795690426,1993.4521778405435
27,154704420,88.28138545942642,41.4699127042107
28,154699047,88.99741783374418,377.2534837634751
29,351655276,90.66141847963652,1129.940421485695
30,257400850,93.47524625354612,1981.6204124570675
31,154646208,96.07325457053032,814.8209625690913
32,351655279,96.24057173845829,1130.4691183416942
33,1308724010,99.69759455503241,730.3643929731945
34,154704423,100.24964771579523,40.54369880437594
35,257401445,106.03551654030863,2034.3361737153327
36,154665065,106.1023700037519,699.5622953676548
37,462641252,110.04680046937288,871.9781793370324
38,310667646,113.1998154623378,443.17956139997665
39,154665088,113.81639246289178,703.8409000176894
40,154665466,113.82798158939687,806.695185253053
41,351656108,114.46810789693473,1373.147734670042
42,351656234,117.01381154731749,1408.6536638846735
43,356064345,117.83879662586368,1804.636467759563
44,356106338,117.96097241058958,1215.6766519689725
45,257456864,118.1037124068302,1981.2050046192692
46,462640457,122.62535853560148,1080.4063027103957
47,351656300,123.24731359777662,1429.8182684848346
48,154666114,124.90894127529144,732.2002979516278
49,257456854,127.90640008977327,1982.869978693978
50,156251591,130.8727231696464,118.83225283457872
51,356103067,131.31736562915722,1764.6803023909463
52,462640114,131.50460903194332,1173.7137594949074
53,154702943,134.1412187091837,440.5900081528544
54,356105503,138.81644526139672,1417.4768993589819
55,356105332,138.92136084194922,1459.3150452907787
56,351699073,139.20967861276156,1643.016510791501
57,150648799,147.62530524285,1155.92935136213
58,154702519,147.8700582331726,558.5201623347086
59,150648487,151.61667085889957,1081.0299639132243
60,156250715,152.35011197714238,345.8063005624972
61,156256032,159.72836109377815,54.50079934671207
62,310718765,162.47556506275973,255.48133741841085
63,150648710,163.62618628755507,1135.3075205403393
64,310666234,165.64876668609043,831.6466833495671
65,257493470,167.57877106139767,1973.2581151464442
66,356104816,168.69545925048052,1608.0173962533545
67,156255923,171.295436882653,75.37616353117902
68,287256467,172.9632002956616,928.7806661806364
69,462639006,173.6925997743636,1480.8260388692056
70,156294609,176.63645513255298,103.04917726866631
71,287256222,177.62569510962186,861.0928453579478
72,345814119,181.2275629754566,1232.0937277009407
73,150649761,183.6717411689412,1399.7570728034182
74,462638695,185.41863360546037,1579.8220084611628
75,150649978,185.97375172755773,1460.070012091474
76,156255208,186.32847522102082,255.93793326133263
77,156294974,192.6353632185081,188.99315403152661
78,356103782,193.88626089450824,1885.9960592533225
79,287257235,195.36119265845738,1168.280312437594
80,462638451,196.90934978715669,1653.1800507746245
81,156254797,197.56598284328132,365.83657027924454
82,345813041,210.2497261276256,1481.8813046988068
83,345812975,211.5073633269922,1495.9274331073489
84,462637941,216.3956087830044,1810.214337272391
85,165505177,219.8160490357574,228.0074422139735
86,230231375,220.12063606442896,1044.5751630181162
87,165504794,222.26433981628588,136.4783163433487
88,230231146,222.661787024025,1130.8364926344825
89,156295869,225.3501775354572,422.42120263279867
90,287257809,231.29212862142742,1341.3844434311134
91,356186780,233.34895734700083,1060.8547008854748
92,345812419,235.75724921537383,1618.2115063067747
93,356186992,239.25268970422744,1109.2787578873115
94,356194419,240.5042668947099,952.2210933079224
95,150698696,241.91746455050145,1862.858270205192
96,287258809,244.24172057352828,1629.6939832512885
97,345811723,248.04674852272225,1786.1131493180708
98,287259074,255.68529849981758,1710.6313195550385
99,233012204,258.8184315520179,936.7262618340919
100,156296996,259.121243588293,732.6353350550078
101,233012015,259.1896145368666,883.4640766252729
102,356193460,263.2241963483518,1159.749895695252
103,165510327,263.8929249924521,290.77414826987166
104,287259193,267.04869499090097,1743.128325274117
105,257582255,270.076940336873,1939.4222612038488
106,356193311,272.6369526679464,1192.545951281476
107,165507435,273.60795537944733,750.6475537693802
108,1308731889,275.39035357111527,802.8127308742405
109,165507258,276.5184830597988,703.0717048608044
110,165615539,278.83440453844526,108.5319005516446
111,257582322,279.07751405843885,1956.9918713162729
112,233040465,282.3099457082734,889.4696620909826
113,233012830,283.39078723476126,1102.7121384789652
114,165509120,290.3197477811744,548.9099000166173
115,257582544,290.5373289564395,2017.34328781574
116,165507703,291.04297600583305,812.2899325099472
117,356192473,299.35395062530637,1402.8743069400832
118,230229336,300.96511815968745,1877.7398511022986
119,356192212,301.35795485500745,1463.1791273111585
120,165618747,302.5325451091953,61.09073274027018
121,165544365,303.4817011284478,537.9356732192376
122,165547989,306.9122274161117,348.64642705769165
123,356189925,310.54443455390134,1792.3291944209445
124,233014003,314.16273347397026,1404.0308757507555
125,233014143,317.02244718583836,1439.3623417757392
126,233038867,324.6842093359084,1297.4416572423027
127,257634408,328.2495515579978,1986.0032583387774
128,233014418,329.8350368299171,1517.2451784371328
129,165642663,330.9544276900844,219.3112550608116
130,165545537,331.5347051832835,793.9781657084218
131,233014843,334.3606145244745,1629.3511520006225
132,165642949,338.14218329646087,156.78536569299442
133,230232717,347.07559374524385,1105.9918057309264
134,165546037,348.84033262504363,783.9571080710832
135,165641740,349.6652258318344,409.02685362891253
136,165642077,354.0872388229464,339.3054171488756
137,356229517,362.7893287957762,976.9144346351784
138,230233336,363.27765468161255,1315.7715660117444
139,233043005,363.86275081388163,1429.112613985367
140,165641373,364.7172157811289,493.4993566403056
141,165647714,366.89399721525007,280.1660287773872
142,233016334,368.36528291666497,1757.9404863771906
143,165647417,368.7633494632373,221.69097632531208
144,230233157,368.94557053318255,1256.5534968705838
145,356230246,371.42723233415535,1157.9731326751405
146,156300113,373.89421145770035,174.07414225287198
147,165640820,375.01969270214414,608.9301294747419
148,156299691,377.92332237568183,283.50410775164295
149,257652267,380.0069491851628,2024.06100693534
150,233044136,389.78611814076066,1741.9364297058512
151,233043818,391.8318376304242,1649.292302260093
152,257718667,392.7108490104169,1916.0073284985065
153,233044414,394.8365101195651,1812.6807561170458
154,356312186,395.56804494742704,865.5913763843538
155,156299314,397.4557335410897,372.19372073630996
156,156313278,404.50858861020384,345.89967119909204
157,233044421,405.1248875687648,1814.8007322182104
158,233044556,408.180944483781,1851.079942976676
159,156298848,409.9194484685183,478.05889826323767
160,230234231,411.643823895545,1626.326072594765
161,376844389,418.3659617805113,1328.014900349919
162,43446100,419.83814683493375,155.15206778726298
163,257728667,421.06617041338586,2020.9372499283727
164,156313226,423.02983125000037,333.5500821239473
165,43445651,423.6193167362609,124.56575797289386
166,43447179,424.6701283297718,244.84251354493344
167,230234963,425.5117680016957,1894.1934135713825
168,156298260,425.529033990434,624.7532719594509
169,356232526,426.68786703455976,1717.2977101253234
170,43447205,427.7700857152684,247.54857709520175
171,356235477,428.53501284467995,1339.45680593231
172,156313733,428.7859921132809,451.3921636004402
173,356235542,432.9275175644232,1323.3015961588694
174,43448154,433.86077824866686,348.6860715046304
175,43448002,433.93183108580354,332.3376839263704
176,376845074,436.77116092246337,1499.8109219133225
177,356235833,437.21589304534007,1259.4756718535446
178,356233028,437.58357481942045,1854.4279178584388
179,362108552,440.9888955465455,1174.395672605199
180,376845614,441.46718551615163,1637.4870834605106
181,356234963,442.0881600264057,1458.5106103565213
182,156314486,445.7893591117957,654.7236298992444
183,393785081,449.48496131807235,221.97599496002042
184,362108354,453.02454058664193,1220.8451327685882
185,362127812,455.2822564698553,990.7177259858632
186,393785350,458.994751887349,287.4044672969956
187,156314915,460.29751782887945,757.5313862630179
188,43476457,460.45611696639196,575.881417180968
189,362107597,461.8262278370896,1396.7365190798944
190,345871588,469.02487974287453,887.2473498220648
191,356234487,469.229287257613,1583.1329877928338
192,362129101,469.2430546001774,1289.0420613451768
193,393823948,473.8037965204738,51.4972248272432
194,345872382,476.71135829625916,1064.9869009755462
195,362106880,477.2157277798018,1568.7634604682464
196,393786478,478.21092964290267,573.4629714084681
197,393824064,480.0892934108012,76.65321129921035
198,257817286,484.3381131375042,1942.7743007188974
199,237112561,491.0443907449234,1010.208471162859
200,1506383377,494.1264180306331,759.4438781752615
201,393824601,496.9297483714202,197.58443574242452
202,257817781,497.6853375922609,1992.4579835269892
203,362130487,498.3826989755616,1631.0608539822995
204,362130760,503.2596000962892,1699.5184920561944
205,257817822,505.4074011956797,2000.9778642754493
206,393824894,505.88828843132177,263.117318470093
207,393787539,509.3850478148079,834.8568768421276
208,393787548,511.5490827185089,840.6486114197679
209,393825339,511.5985938401656,368.6361209114511
210,393871721,512.0032751478184,99.5018162431908
211,393788385,512.8550528793469,652.1056059153398
212,356312641,512.9265252736975,911.1346068790024
213,393871298,518.685821841692,192.44265269086142
214,345874162,519.5563744034076,1456.1252302155808
215,237111182,519.6851110895428,1407.8711601307791
216,362131340,520.743399580523,1845.6320813102607
217,362131242,525.6066680843849,1824.2854457265191
218,257905923,525.863865855522,1991.3348083858227
219,362131311,533.8072213933326,1838.1129661102539
220,393874981,535.5654627661179,126.48110295156157
221,356314410,536.2934624132407,1296.4428432973168
222,356314743,538.3964287635145,1370.0011160310667
223,43334302,538.6748486274585,887.0691543051827
224,356314814,539.1966911185099,1385.0425020461555
225,356350060,540.9187069834455,1138.9904440554096
226,43334431,543.6799874757987,856.5588359578816
227,393900033,543.9546402889521,108.66519280878012
228,393828437,546.9687395698455,541.5550420589924
229,393828218,548.7164263120511,596.6089668161571
230,393876227,549.4092192175283,419.80473210784464
231,356350139,552.7747908070955,1118.4068983125946
232,237110022,553.1272860171704,1756.341128507917
233,43333806,555.6877878090423,1012.8120400612236
234,393827626,556.6825764829117,740.0340402417306
235,286341636,556.8926704646642,2006.2424968688786
236,43333600,557.3253164975429,1064.9179741687562
237,393903401,561.3255788226602,119.07850690125906
238,356315478,565.9160466895523,1539.2293155692985
239,43333148,569.4037396171052,1176.4662477769568
240,43333547,569.8682583718776,1079.54458404962
241,393903033,571.0671081220975,40.23809802532354
242,356315507,571.8125109812989,1543.7482485554285
243,356315702,573.1793789485497,1584.3500094321398
244,356316460,574.4085711426873,1774.999400153797
245,393876677,574.5714144669073,531.0035692657843
246,43335235,577.044364741947,991.9853229389278
247,393898287,577.5907507967327,523.4564386848821
248,393876901,578.8213782842457,581.8958821574743
249,356318637,581.2394526220621,1476.8526563892287
250,43335533,582.1608371075031,1064.5513476503852
251,356318260,582.6691763926891,1563.5457410438944
252,393898350,584.3981978816216,506.5697212571019
253,393954614,586.2895278519137,89.934002839378
254,393954615,586.6308231230282,89.91803323983362
255,393898356,588.9760578673403,504.998254580941
256,43335550,590.7474728817542,1069.1398277201754
257,393904869,597.3119418245768,448.928773235496
258,43336351,597.8533439297296,1280.6146035348352
259,43369621,601.6639688293254,841.8203263262276
260,43332026,607.7892630217754,1450.143337763262
261,393878072,609.9549857410383,812.9034151988315
262,393904939,610.1148841350773,467.5204090557506
263,43370367,614.8527768906081,1016.9111645273146
264,43368008,615.1558004083103,1205.0634524151974
265,393905750,616.6982858730461,650.3888126590454
266,298439723,628.8671937820421,1969.0966755635998
267,43370315,631.4086597330786,1005.6858602325816
268,43338030,632.9939533027552,1715.735959995152
269,43330648,634.6494054185281,1813.5047642135007
270,393959333,637.5028927806496,443.9306510599103
271,393958971,640.6071364891917,355.59621471413783
272,394003014,642.2037571403372,42.028451568593454
273,43367234,642.3654335753055,1398.2941351888533
274,43367232,642.4426998057631,1398.4401015530655
275,393952062,643.757241968022,698.7800116911618
276,43367172,646.4232049752608,1412.25733344916
277,43365076,647.4811228252106,1803.8987969945235
278,43366848,651.9876511991213,1490.8170991569452
279,393999666,653.6486839059662,204.54333555091492
280,43434316,663.8182152022817,1335.228266779478
281,43435380,669.1803125218386,1248.1945708767923
282,263839379,674.4794738275333,81.57963878965101
283,237118852,674.747736783357,1016.2328656038161
284,394004087,676.1161224799254,294.6594780361493
285,263839636,679.5028718955142,30.770403341602133
286,263839297,679.5492292231835,101.06086174044474
287,1506355332,679.9803389079044,564.7022223780033
288,43432472,683.3998201012566,1488.8816906923612
289,237119483,683.6590048010339,1181.331019331545
290,393997028,685.2324171349989,832.157211975457
291,394020645,695.6141707325395,616.8984425820055
292,263837797,696.5028057379751,399.73194821707534
293,43430697,697.5553437254367,1631.937323894711
294,237120818,698.5782939197409,1517.2447042811184
295,237119906,700.1018558885837,1286.4968933427633
296,263838412,701.2385481609982,285.4833339556816
297,351701483,702.9745202083701,1208.6768372343215
298,263837540,707.869795994281,456.1683214407496
299,351701257,708.4506391597072,1150.6152299803484
300,237120509,708.9071268462031,1439.4078379840728
301,313738945,723.7465260433594,1934.26494341826
302,356353530,731.7488480578578,1249.937765630972
303,237121759,733.824886005897,1767.6588801310108
304,356353980,734.4133596487903,1352.798383946249
305,43479575,734.8988034599272,423.92046902845374
306,313739038,734.9195109017028,1912.4510629202887
307,351702596,737.9417257676198,1493.201560863208
308,351703323,738.1807214412722,1693.6275240426392
309,263835918,741.2747150352056,825.4624811683229
310,1507063675,746.1933657091454,1502.1973247725327
311,356354325,749.0746311281949,1427.9134577569698
312,351703523,756.2835885846083,1747.1276951045465
313,43478302,758.3520928484943,685.071274558937
314,263927484,758.7062815476776,197.64388325929906
315,394012299,759.2395004206952,1459.4430734610519
316,400148703,759.829417852457,69.61404492938762
317,351703909,761.6080020014188,1851.3313901961506
318,298494903,762.9317238227977,1923.7457648244244
319,400148501,763.5694122398712,107.1823165468473
320,356355777,764.2483392009036,1783.608151965145
321,298541087,772.2933543807826,2017.8289732006162
322,298541138,772.6457764435492,2007.0179246234118
323,263928630,772.8028236044781,436.92451306239684
324,394012829,774.0264403934699,1586.1779880258985
325,394013513,780.1061203205878,1747.2641298986953
326,356432287,780.9405775004657,837.3918386086737
327,394013007,788.1955490781461,1627.709090950604
328,400147291,789.1407577591884,330.4943662749348
329,394014983,792.7456261904707,1647.1533704535916
330,394013712,792.7604056365068,1798.0989986861139
331,359393067,794.2155642641278,1883.027504123004
332,1507042269,794.475032761368,1346.2759611348522
333,394013623,797.9976475342899,1776.1210624021808
334,400146269,798.2991468358698,529.7528288491618
335,359392515,801.3329526126142,2023.6497287059549
336,359392919,801.7431183681026,1924.454908637574
337,263930301,802.0218869536183,806.2549772695364
338,400153146,802.4040692456641,200.98830719840683
339,394014255,812.5687190232156,1815.680274896854
340,310985570,814.8923571765094,1895.9646061475712
341,424801289,820.7630785720088,1541.8008372338638
342,356358371,821.2031039803354,1282.8696571472706
343,424805886,821.8505576707538,1508.749228905343
344,400113360,825.0710491851695,750.1839690778924
345,356358191,825.8295538027492,1331.2852538798002
346,368161721,828.4607924589404,1226.6935483389095
347,400228941,828.6944280056617,204.42231619649934
348,356357345,829.040369130211,1559.6629933452716
349,400228752,835.4698203641989,171.54251534928974
350,400175442,835.4706577884365,569.112668074197
351,425046629,838.6994795247563,1048.676015378472
352,424806041,839.205459849092,1749.332334167563
353,425046718,842.8214623649718,1178.8144681394115
354,310985881,842.8342698543681,1937.661115414094
355,400175528,846.9130477455216,549.3292045418525
356,368202409,847.1278803163186,1529.2750927820543
357,400174815,847.196660185605,695.4120523350285
358,400236351,847.4401191530808,15.066663403221845
359,400235808,848.3364088038533,116.58373605945386
360,400175696,849.5198395764827,516.1631591170858
361,400236068,854.0893045849334,67.19485743039857
362,400235051,855.4607073748241,256.6308302425162
363,400230531,858.052274831736,489.6145000459472
364,400174829,858.2694912066813,693.0423339281807
365,400235452,859.1834479128551,180.4610095682986
366,425046834,863.2067613397917,1340.0834472436975
367,368202944,865.125193377247,1662.044019005263
368,400239936,867.9467501893546,88.58949739538288
369,400230631,869.3212240741229,512.9166860528984
370,400231149,869.346915005618,613.896645690912
371,462648882,869.4853317210318,826.4872808503087
372,400231203,871.4191279442202,623.8125567835691
373,462648031,874.4762739640198,1013.3428579608797
374,356434481,877.1592584087144,1331.7038574092762
375,356434209,878.2274448416352,1261.2116244591264
376,400232028,878.9483590307848,789.2280866473192
377,311021300,879.3664913138372,2026.7015023535027
378,311020982,881.7612086603771,1931.889296924772
379,462647630,881.8100653002485,1101.7192767727774
380,425047019,882.4097030132841,1622.0936734454087
381,400233283,883.3304511600179,596.7273389503916
382,400231455,884.6057497280373,670.8105493126782
383,400241428,884.862273162761,362.9453837669895
384,1507174451,891.8053454801558,1363.1936354439756
385,356435632,892.2474307021849,1604.1546464015862
386,462647192,895.3054088147485,1193.2545844608596
387,347701770,895.8731628736249,895.0969959588748
388,462647020,897.2397293007623,1229.9098116412754
389,347701260,899.8111749198691,1005.070674703709
390,400302671,899.867295643072,201.83472091713847
391,425051698,900.1136165411343,1746.934588432808
392,400232968,900.1625733585757,658.5298848131788
393,356435384,900.8174613199257,1538.9235514917987
394,400232668,901.1506835642198,718.7145900688258
395,347700939,904.3860855236577,1073.9321178246944
396,400242467,907.4555586879326,568.9350640303896
397,347701515,908.46907218762,954.8636031034636
398,321690048,909.56335473762,2029.13660240886
399,298440131,910.8489117763553,1884.8309253790978
400,400356280,912.5817041632924,141.4756387423299
401,347700231,915.8433994193484,1218.4215825060764
402,400301887,918.3808623207692,353.31272951148827
403,400357523,922.4455078525967,262.99598873772004
404,400300550,923.8612979644532,612.1690304363713
405,356436576,926.5287478622416,1833.9152934873748
406,356436612,927.0353174086847,1844.9842611637887
407,400402458,927.7454908895302,35.040204988911306
408,356436675,928.5693504271683,1859.861786054604
409,400299942,937.4756087379017,728.6609494722213
410,321764636,939.0054354397713,1881.0509605940067
411,347699402,939.3874179770028,1402.9858634757718
412,400360206,939.3881022412346,530.4977679234204
413,400369967,939.9740576512128,111.123082668899
414,229697783,942.2295980500716,1073.6406549753467
415,347699277,942.2427082006351,1432.725602310482
416,321764049,942.7449997468866,2008.340826760428
417,229698852,942.7473723425992,836.9794779834161
418,400368196,945.9884604376095,287.9284715603907
419,229698063,954.277544085999,1007.936885212949
420,229693178,955.7097928409249,1467.4374472043146
421,400361232,956.7510470808153,638.089366546198
422,347698104,958.2712141659292,1708.3516115425339
423,462665691,959.5629102099336,851.256583338494
424,462666639,964.1773606702556,1051.5477358310623
425,462666706,971.8027263068617,1067.1933032542343
426,462666195,972.4216125797784,958.6030807383247
427,229694105,975.4520014800772,1720.0829880980075
428,229694600,975.4817714776835,1860.386028847278
429,400363605,975.692883885954,756.1362237085484
430,289675772,978.348045365472,319.33129338601503
431,462667454,978.6699713979125,1235.2673665943464
432,462667686,981.3635883765578,1283.5409643987587
433,289676356,981.447947520332,439.7100033400746
434,462667736,982.7401380479262,1296.4691027302242
435,267355890,985.5663384078583,84.8863987098008
436,229694497,988.0678063170558,1827.7535045033344
437,289676144,990.0283471340433,395.3681887552702
438,462667862,991.9995281210691,1322.7196193947698
439,229694956,994.1246866137393,1764.7665998051907
440,229694693,996.5231872646815,1839.2833327748606
441,462669273,998.1178470789994,1640.094410616191
442,287283391,1002.637464829088,860.3437042349326
443,462668967,1004.4239650386346,1565.028909112732
444,287284241,1005.2631866666493,1047.2546196611627
445,267259658,1005.5781774558712,156.32562938993973
446,289678575,1009.6205324481506,794.4357688099453
447,341841469,1011.5272169702487,862.9649111823869
448,462669515,1012.2934058313734,1698.0140622089746
449,287285018,1014.5745219205323,1225.13293849726
450,287284115,1015.765833318976,1019.9086551579846
451,377513650,1020.37548190726,63.63017683215322
452,341841493,1020.5097315869988,867.3233036715766
453,267352478,1020.690004450698,687.6713704444817
454,341842356,1020.7214121462764,1028.2678442203012
455,267352141,1022.2621143181699,755.7474723653462
456,462671340,1025.5032825789594,1586.5786403598527
457,267350843,1030.3602604017947,634.9285466203612
458,267350496,1031.453635132374,574.0225572316019
459,43560573,1034.7527411634599,70.8006459632453
460,462670839,1035.476545266711,1710.059857969934
461,377513870,1035.6829396219957,107.2129854593944
462,462671167,1036.3485094107357,1628.2984487197875
463,287318395,1038.9648439378184,991.3355609764039
464,298500049,1039.0291471331848,2040.1055558922972
465,287318353,1040.5842441733378,982.9405543871901
466,462670205,1041.909217139657,1852.122960794321
467,43484905,1042.3044286752283,27.21047442682786
468,341843277,1044.3720632759262,1202.4114136614628
469,287318156,1047.776381365637,941.4044575418206
470,43563985,1055.173849290039,337.4124746841043
471,341843943,1059.077448835747,1339.7228457059934
472,316596591,1061.2273390515354,1996.2407215550754
473,43565167,1062.4268817152742,443.2762118931325
474,341845611,1064.5189386150228,1680.4811305574472
475,316597429,1066.2748151161768,1912.1345862811481
476,287319831,1068.1225829272366,1301.0382932620987
477,377520643,1068.569034639224,229.78408953440461
478,287319164,1070.1565856731695,1149.8663667932874
479,287369431,1073.8561743210003,1077.216405982682
480,287369186,1079.1485037693087,1130.009489514303
481,287321204,1079.6083714445376,1629.7100670333991
482,310774394,1081.6468038237283,919.0156528920876
483,341845847,1082.720008703607,1728.4641864063824
484,316633997,1087.455821610362,1862.4228884327704
485,43567733,1088.9344307444867,677.6826944932707
486,316633520,1090.1583676838563,1964.1012161823498
487,287368221,1090.773725928293,1349.4198148300914
488,316633699,1093.0225746723536,1927.2611553948145
489,287368392,1094.1056679483709,1312.5715585243495
490,287321618,1095.2913321308288,1725.349780996993
491,43569140,1095.6770383904443,810.0972537522944
492,1507332501,1096.3528509588264,1947.868804418441
493,287367251,1102.3188807630377,1577.042662359234
494,311423677,1104.5728271751818,835.8177492408078
495,377518029,1111.1593021940573,731.0989809061307
496,377562611,1112.5711300455912,575.9643145421793
497,311426801,1117.5997118006474,1161.6502424621833
498,316634329,1123.942131713215,1922.1872464586968
499,310724882,1125.6361765162787,1595.7987479849978
500,311427370,1127.0115796568602,1219.8570134225904
501,316678362,1127.051299699385,1889.5893528309891
502,349612681,1130.2431957219812,1084.6685110794972
503,377564296,1131.2337195394282,724.7638017145125
504,311429386,1133.7016518005596,1445.580036623286
505,349612579,1135.5218936004012,1105.8910047030895
506,377675133,1135.9938697310233,188.96168217982841
507,310724243,1136.3397582363,1674.053913559313
508,311428181,1137.6951458367869,1314.6979861268042
509,349613164,1142.7154088649452,991.17545129291
510,230241767,1143.2482769359615,927.8566425240995
511,311430661,1146.4182400221134,1605.9581315763446
512,349611766,1147.5316947414572,1277.59536642395
513,377619987,1150.3415971340562,715.8493579865316
514,349535135,1150.7001469630316,1375.5446409529834
515,311431771,1154.263049190481,1830.6910344909425
516,377676498,1155.5347305815205,433.00641176205966
517,377676999,1156.1901486526406,523.3047623564133
518,230241743,1158.2357278769166,921.2478778087856
519,316678776,1159.0796148648158,1909.5133569061227
520,311430655,1159.1848829126068,1604.6758926283621
521,377676467,1159.4627791053802,426.84156192510505
522,230243058,1160.5763413349032,1249.0379434731478
523,349534378,1160.8668390155044,1545.598897859352
524,349534213,1163.1407322329092,1580.6297080566726
525,349534426,1167.0764715285752,1536.3416760155899
526,377678109,1167.3927691570484,738.4789625820126
527,43575927,1172.9955824504386,259.02168426850443
528,230266952,1174.6636055595484,1048.0054410409984
529,230267498,1176.3441382910728,921.4343246538376
530,230243117,1177.434378680276,1268.8204247716624
531,1507115380,1178.8763420776527,1471.0640659735418
532,349533047,1179.8458833822635,1858.651655163294
533,349533787,1183.4468601388785,1683.1091088457254
534,349533785,1183.4821178514615,1683.3100023173038
535,311422967,1184.7236804377505,1915.6917676223486
536,230265711,1190.3458248023794,1359.49392578965
537,43668893,1192.0286592066625,167.88524814791953
538,43618055,1194.1879563495286,230.87057750409494
539,347703769,1194.7395677305428,1121.6909122590848
540,43571341,1195.7575817897375,626.1617515736855
541,43619490,1198.3950496200912,463.4483101652945
542,230263327,1198.855308525947,1688.9969826727483
543,230266083,1200.703201735537,1266.4239677484386
544,347703120,1202.1270293164755,995.7129181985373
545,230263892,1202.8668104363392,1844.03786342492
546,230265365,1209.5808932598607,1446.0786012947656
547,230265153,1211.2890728134753,1501.8742560189328
548,368207862,1211.8765905342232,959.26145220949
549,43623955,1212.601352355958,399.3271410571022
550,43620505,1213.2487709723707,629.4519255191011
551,368208585,1214.1414496741659,817.5510450165169
552,311522673,1215.5448885613334,1946.6208940577553
553,368207201,1222.6212824859704,1093.0862993749822
554,43674665,1226.6379701105154,198.5811803340076
555,368205407,1239.7688887406832,1473.9738679013415
556,43734677,1241.498276171871,229.13024729295287
557,43734215,1243.7823974327562,297.72267944024816
558,43676101,1245.7332868949104,430.4989562045514
559,368209132,1248.6209978332906,905.0933301097302
560,368205028,1248.9582152727835,1559.8319736804629
561,43734727,1250.9239302310775,221.87791707913917
562,43734622,1251.5132483385182,238.0400221384586
563,368208652,1251.8152196548244,808.9980338819946
564,357629364,1253.2324612774478,1923.7160722288006
565,286426625,1253.4633134034445,1188.9856057420484
566,357629356,1254.0670232336156,1926.4114735323835
567,286427293,1254.9219683126441,1317.1851006770567
568,286428011,1255.628059344938,1462.9266276233116
569,368204268,1256.3937978265712,1736.0740995527665
570,357628839,1259.217790499927,2033.5140482885406
571,368208974,1261.2215226404269,876.86192635073
572,286429072,1265.4419923197736,1666.7236174593106
573,43732257,1265.4582617631645,623.5439278787675
574,298501132,1266.508699443036,865.9236953244168
575,43731384,1270.2392531855287,773.4004802931729
576,43789224,1272.0741873001598,289.22778989799565
577,368254740,1281.8972473119147,1328.5892093630782
578,43731741,1282.8371320655262,711.5257350312323
579,43791430,1284.6524298142715,640.2439697201512
580,43790675,1284.7872578618546,519.3221383904115
581,43790244,1287.8319831299145,455.011801062735
582,298502321,1287.9187116761207,1070.68996756205
583,43791458,1292.4026073087355,646.4887924474458
584,368257366,1293.387622593923,852.8831662717819
585,368256661,1295.777089975835,1744.309898839324
586,43794987,1300.5477831874643,370.0042089921189
587,43793347,1303.565572358199,647.6911594999525
588,43793902,1306.1124189481345,549.2958216717275
589,298504121,1308.9007162422827,1393.62087569784
590,43793291,1308.9624815088434,657.4668713686312
591,43793145,1311.09377259513,682.0570958920707
592,359393115,1314.5160126929602,1836.1493857150022
593,363730147,1318.7249787448552,956.8087820254416
594,298543933,1319.021456904529,1749.8416458947477
595,368260072,1319.7201825298164,1373.2497956506509
596,298543397,1320.4749780299653,1643.9460224276547
597,43906649,1321.888252982631,67.68299166425001
598,43906833,1324.9293917397938,34.218624695582015
599,359393644,1326.5336937482969,1943.7451781742554
600,368260348,1329.4928155414452,1427.0453051812065
601,363731306,1330.5301685189047,1196.2266426837534
602,43906107,1331.3666398744733,153.54809617358137
603,1506471554,1331.5744109594225,599.2453196868198
604,43874704,1331.5756791471254,599.2311791572896
605,43874672,1332.3542577037995,592.950656589
606,43905752,1334.3863012090233,206.15852807870687
607,368260545,1335.9842986308415,1467.1697594580774
608,363732296,1337.6538861558772,1418.4479787297253
609,43878551,1339.0503907721873,385.8379185033008
610,363732000,1339.2186375542349,1348.4843092422434
611,363731458,1339.9233558045105,1225.0031559324482
612,363736891,1346.5088391040115,1206.8578791266898
613,43875635,1347.5568858090296,760.8020055237763
614,43912039,1347.7564449200254,180.13786170674774
615,359477210,1349.218999645251,1860.1924480224054
616,363736797,1355.1915037997771,1229.7409430886378
617,363736548,1357.1286333851915,1277.7159744870924
618,363733465,1358.58414723144,1689.1279747234341
619,363733826,1360.523202183919,1776.5946589650832
620,44015041,1360.537394129485,150.62965258136924
621,363764023,1361.1757729036508,899.3453390264062
622,43912578,1363.6032783054395,263.9530554790579
623,363734607,1373.296644912808,1712.0203728170902
624,359478028,1373.8391125486,1977.7636986550974
625,363734972,1374.0106197824505,1627.7502073713886
626,43915265,1375.0395509001025,680.4507126683917
627,44013522,1377.2525852168772,393.1160976497272
628,363735091,1379.8291965242686,1599.3491097383105
629,460004366,1380.861541610802,1950.0664823748805
630,363816864,1382.2102924111512,1086.9249790231374
631,363765796,1386.0734767885494,1280.5721734461767
632,44012505,1387.6086283435409,567.9499620049088
633,44013128,1388.848301055663,462.3370379870912
634,363766517,1389.0203634094696,1443.445896865302
635,1507128971,1389.0448136033367,1443.4665067836038
636,44011987,1391.8275056609766,657.8026797781763
637,44012522,1391.9316014855492,563.9243828561164
638,363767745,1391.9941043888884,1741.9313929872235
639,363770731,1392.5700005502474,1270.0941535410375
640,44022981,1396.90308179898,238.15311752051065
641,363766975,1398.4208722543121,1554.1303976513318
642,363767837,1403.6874794442385,1765.2983548441855
643,44045552,1405.995945118794,672.9543788090257
644,460022093,1409.9825946983153,1986.8143928935385
645,460022202,1410.676409824482,1977.8336849218408
646,460022460,1412.678310770329,1950.1047766629847
647,460022840,1413.6757937863208,1908.35335279322
648,44045014,1417.8896770645547,583.0446739941611
649,44050493,1419.0126969664555,178.25757723108566
650,363820719,1419.920374395042,1330.4002216411425
651,363857819,1420.0301069502514,859.0477389954732
652,363821125,1428.5966181221465,1421.9648367895059
653,416099314,1431.3441370340358,261.58955094380343
654,363855361,1441.0117819375778,1374.9945760725934
655,363859338,1443.3792224134884,1040.526278980868
656,363822537,1445.1277647392087,1731.8909453940878
657,363823950,1446.3902328543934,1613.3152787257202
658,363822363,1447.3303341856245,1691.7091171198895
659,363859952,1448.5586851921366,1168.91136106999
660,363860073,1449.7999975092691,1199.3201895740985
661,363858842,1449.935526727135,942.6697078066844
662,416053615,1450.8769911822965,701.441310923316
663,363860298,1455.4424413117401,1244.825557791795
664,363823905,1457.307276304799,1624.488235684146
665,363920003,1458.545067439187,881.1402544122976
666,460039314,1459.3177106737314,1914.6004593289551
667,363919467,1460.5476077785754,983.3757620684747
668,363823661,1460.8239291191503,1682.2331089824938
669,460039392,1463.0382319619582,1929.5700136628861
670,460039149,1463.2808058199325,1880.8089815520814
671,460039481,1463.376477478802,1946.2615888041528
672,363860715,1465.774599505128,1335.9069018323255
673,363823331,1469.0043230307776,1759.4008635188088
674,363918813,1469.4338778563636,1115.4197684302708
675,44185771,1476.0310431176922,98.58510904716192
676,44184810,1476.3699548479221,239.11835635461182
677,363918266,1485.4339602160119,1229.7239268274168
678,44141101,1488.7008566310233,737.7846416826503
679,363916604,1491.4673990660806,1612.5632023875064
680,363921131,1493.0055628884954,942.2591218905957
681,460061031,1494.540596963453,1971.9026860818105
682,460060950,1495.0728948966853,1986.745468000711
683,363917122,1496.861698432326,1487.8000009613938
684,44192511,1499.900880713533,291.24580327086187
685,44193282,1500.7016344027325,404.3170660395816
686,44193517,1502.9804188069959,438.89646622293327
687,363923908,1515.1208232649676,1541.4037712879092
688,44260670,1517.3162385886415,759.6710961184617
689,363923510,1518.7238867069684,1453.8902841653296
690,363924728,1520.1871617815025,1727.7239441979855
691,363924136,1521.0379586081726,1589.0682828745407
692,460062281,1521.7901581351155,1959.4442920055526
693,44263462,1521.8966306239706,431.70480617973686
694,363959890,1526.2876921532522,887.4753020286736
695,363954498,1529.2490504248776,1775.9446015457002
696,363961006,1530.8873766117733,1117.7364418380666
697,44310393,1534.6234225278895,27.830680643184486
698,363961860,1539.0233011147166,1301.1536691923855
699,460085221,1541.0523804124232,2030.896883621694
700,363960269,1541.7716033855472,968.0281854747067
701,363955522,1543.3108110263877,1642.5936359407945
702,460087004,1547.8864837287372,1993.3596234276886
703,44311634,1548.3352871763227,196.50246242417447
704,44313455,1549.2078868906076,454.2069588061309
705,460087193,1549.4131898120074,2031.0381626118187
706,44314105,1552.253109117648,549.0665250848257
707,44315162,1552.7855437991686,703.2283030853392
708,364005532,1554.0716209079956,1696.8579357394144
709,364008872,1555.8900436075294,1195.7916550428254
710,364005169,1557.7334163678988,1621.5802723319214
711,364008609,1560.7141579393788,1249.350728250791
712,364005253,1562.3217936306921,1638.3489228777012
713,364008018,1564.626819420968,1380.4004671538828
714,44319325,1565.334347896415,296.20920572566945
715,364005959,1567.3365837582885,1797.5775752070012
716,44390352,1580.6965642182931,103.01374594729488
717,364025794,1588.2054537545487,1257.5451079088389
718,44460125,1595.2873475907863,80.44466712887406
719,284163505,1595.7066633720942,1030.4030174561844
720,284163278,1596.3452133734665,993.3563963279961
721,364027957,1598.615513750332,1762.1427069271147
722,284164564,1599.5146768742138,1213.3380550572626
723,364028674,1601.4358793280219,884.9574175446563
724,308091162,1604.3159323655334,1877.6499523097987
725,44394706,1604.5722347519904,741.4313310924658
726,364028362,1611.096737803037,823.7244250650486
727,44457546,1612.6023523483814,440.14799769382967
728,364030131,1614.2138448174676,1184.2541471324844
729,284167316,1615.4642347674449,1710.4365131800644
730,364029761,1616.3763476337506,1103.0637253880923
731,364030170,1617.5122286039746,1193.227504907474
732,364031079,1619.6434856817234,1395.1816237432731
733,44526922,1621.3674860770739,284.53743651921087
734,364031259,1622.0229125954058,1436.2934954127124
735,308176266,1634.8881991664716,1957.4135656827548
736,298547782,1635.1559109196216,1268.7525909330436
737,364031824,1642.1556033676043,1559.1669630653946
738,298547482,1642.1941346833235,1317.753820170724
739,308176093,1645.5273585976925,1993.287849264668
740,157221066,1647.6495878573005,232.30467257290297
741,364032610,1648.634228901558,1734.212121011687
742,298546984,1649.1890353360568,1396.5489322015353
743,298547536,1651.5535477020874,1308.4348373407354
744,298544913,1662.2826650029806,1753.2775209784008
745,298545715,1663.2000368061813,1619.4815025416815
746,298607462,1665.8642806837931,1496.2076377241517
747,423069839,1669.950590663552,1883.2790074389893
748,298607298,1671.0706674226722,1467.892937304439
749,334990259,1676.934654347141,288.5365523491143
750,298684795,1677.1263541152734,832.9462333040786
751,298681701,1677.6702650253965,1291.7683025174647
752,298683216,1678.260357743294,1063.4520360597207
753,298609171,1679.1270601564395,1803.1967624987888
754,335059997,1681.55645667431,232.01897529707045
755,308230684,1686.983976058128,1873.8868988338793
756,298681777,1689.361932955186,1281.8924447482445
757,298611121,1689.4994200078595,1531.512013665977
758,335061527,1690.3150885254151,11.315435287712724
759,298610364,1691.710475234779,1653.4069375741117
760,298610959,1693.4087763311431,1555.6105982011995
761,298680889,1699.2585425678255,1423.5139735633566
762,298686422,1704.175442042473,992.0406791479134
763,298687086,1706.9590927393247,1092.2939325124312
764,335116364,1707.9562156244644,402.1206045957111
765,298610082,1709.1324160490142,1700.653898326491
766,298689977,1709.4607529945886,1542.9540168792819
767,298689470,1712.403364017303,1463.8033349172697
768,335117423,1714.0071189161256,567.6146897321422
769,335114773,1714.6271634110165,162.4389039518914
770,308300291,1714.8561892792166,1828.2552937849948
771,335116963,1714.8942876950416,495.2374631078392
772,308299779,1715.7960001220226,1934.258076446685
773,335212369,1721.4769962272626,98.90876584962707
774,298689545,1722.5454591843484,1474.1196695571196
775,298756723,1726.9888507286676,1305.432869519178
776,298753442,1731.3594998579547,1818.1647479658911
777,308301091,1731.5835947613516,1980.1213757296746
778,335210145,1732.7789247728742,406.9616357854325
779,335120013,1735.2418575831994,614.7650776009363
780,308300731,1735.5272662109949,1914.6561574406371
781,335211569,1735.6464641482667,210.39851059686669
782,335212450,1737.2103328199505,86.34656962606894
783,308301343,1740.6106800555006,2028.3726684947026
784,308360391,1751.444211082215,1893.332613570501
785,298808701,1751.8749473874066,1726.0677088604675
786,335118967,1752.2166317602155,778.8695488512942
787,335217653,1755.8683962154691,46.705974685876924
788,298807284,1762.4890281554242,1481.0343659313419
789,335220105,1762.7548846293787,402.9699230040809
790,341941255,1764.6311381369458,1227.2382366474642
791,275064577,1776.0380390665878,1126.2798322863991
792,335297440,1781.9555291072793,478.14028445671516
793,335298146,1782.9728792436074,373.339516628282
794,335296360,1786.0380919877093,637.3006207529221
795,335295309,1786.9507797419014,792.4747572508087
796,275063368,1791.8313360895918,1351.255955190942
797,275067302,1793.3566969685824,937.0589838518766
798,275067014,1793.5875992134231,888.6424873038916
799,275063206,1795.4850015705804,1383.5298967351482
800,275068502,1799.3770511311084,1148.7969496260496
801,44532693,1799.9379307651702,477.5794757271788
802,1507528297,1802.8237643632644,1609.1797275201282
803,275068720,1805.1852199805387,1189.4243614807485
804,275040221,1805.8285399593294,1664.4017400453806
805,275039447,1807.3432222850927,1837.4590235265075
806,275068694,1813.4414677287314,1183.4583249686732
807,285014971,1813.8803656083408,1972.2767871085682
808,275071287,1814.100950136352,1680.0639963635915
809,275068801,1814.8735036528933,1205.3230531650715
810,1506032367,1825.5950238383127,552.1720291543893
811,286968775,1829.0009186964176,124.38730939748018
812,275147945,1830.3228468934092,1052.345611982772
813,286430263,1832.2672301593768,742.3399619167099
814,285059130,1832.61445837039,1903.7236533423672
815,275147680,1834.705789501034,1069.3733164149035
816,286969175,1837.4797069239014,174.54938179728038
817,275153790,1839.9826401494956,1201.3640058531641
818,286970320,1842.0439264350061,324.1129649303825
819,275141150,1844.1251947628384,1671.0167121085653
820,286972057,1844.973501268772,567.6007756628932
821,285059965,1849.4144346350488,1885.3465805474264
822,275154229,1849.4649150341806,1283.600653283387
823,275209182,1849.7522549133328,1612.0437177806211
824,286580581,1855.867812944465,605.2618776995449
825,275154716,1857.030759851704,1370.859015492372
826,286580535,1860.195341789368,597.992230200318
827,275216031,1861.3758714453566,1138.2800614004138
828,285141304,1871.2521085012454,1878.2963031112258
829,416125582,1872.0639775794007,350.43688492445153
830,275218861,1873.98959884429,893.4315021627024
831,275218863,1874.8433117656632,893.6826192939841
832,416125133,1876.0474306621466,296.6645118650856
833,275213421,1877.1843638525181,1595.7048243443305
834,275214875,1877.5895618613447,1336.542191701967
835,275213586,1878.053828416071,1563.685326393353
836,416170336,1879.691092966908,476.8878327317528
837,275219395,1879.7147724976614,974.8173561645076
838,275212967,1884.059340333078,1640.5266965998776
839,416172571,1884.3988735168493,767.7483004601648
840,275212986,1884.948347743265,1638.6350213407109
841,416170818,1886.280949379136,538.3949627463013
842,289804481,1889.4321157348527,53.846485061667224
843,275267559,1892.7597101880506,1576.6994911750985
844,416172018,1896.888859293242,696.0790033370032
845,275266594,1901.3409398021633,1410.7349510455474
846,1507473553,1901.3677131096938,1410.5425120196344
847,275268068,1905.4234228714936,1669.856857060882
848,275272724,1906.5022999657115,1134.282077231142
849,275370667,1909.2319102920687,1006.0893013000752
850,275371234,1911.2548135499944,912.7099705575437
851,275269049,1913.3401665874992,1789.9623224197992
852,275271530,1913.609847324812,1339.2239295696647
853,470671581,1914.0287821709671,86.35215428048102
854,275372891,1915.8321463697323,922.3383964723453
855,275270521,1918.1721027069545,1523.5096327388055
856,470669418,1919.3953695222156,412.5983176988038
857,275373406,1922.4456272286648,997.1850174671904
858,275268977,1922.8157636155706,1802.5981322624853
859,470671606,1923.8243783550424,82.62455836722725
860,275374661,1923.9616497116567,1208.5739573086084
861,275269639,1924.1321217745815,1682.8791279005734
862,470669057,1927.30626644033,473.422291761753
863,470669833,1930.3744632517664,347.6849797308638
864,470667148,1934.063281461485,773.0215699968521
865,5117119,1935.313382545372,280.2968596096601
866,275375128,1935.58271925044,1287.8852229174902
867,5118666,1940.476424526864,466.4232973689164
868,275426772,1942.152186842805,1263.1385540015276
869,275428570,1942.2593351997198,975.1654118546612
870,275427122,1942.587003387567,1205.7708725658033
871,158655488,1942.804103410674,2043.5009163582627
872,275376819,1944.8432496341952,1582.6677120594434
873,5119786,1945.895101442781,608.4238900057137
874,275377096,1946.5517918246203,1630.5875192964593
875,5116006,1946.6798475568808,146.61577093078742
876,275427384,1947.431004753475,1165.6282290269532
877,275377074,1947.5315538926886,1625.9927975076178
878,5120103,1950.1595080854709,648.6693405186378
879,158711270,1951.976553323816,1836.7401851344696
880,1506110482,1952.3440137114317,816.6971109057756
881,1506011379,1953.0663169866143,495.6999680410825
882,275427461,1953.8011235943804,1151.3265767454209
883,275428163,1954.197061444521,1040.6892955658157
884,275428106,1954.9487328309806,1049.862955994363
885,158710279,1956.2064715323945,1985.7587671033496
886,275379312,1957.0272478070885,1594.9712669097405
887,275425721,1957.4572708641172,1443.7313724710646
888,5204958,1959.0524879410507,345.5361089419171
889,158709943,1959.363969133708,2041.302300969892
890,5205367,1961.6730974295206,297.366359291302
891,275430560,1964.2589781671809,918.3776619347374
892,158710523,1965.411642256748,1949.7566713002584
893,275378588,1965.4177192699785,1735.8549407387795
894,275432099,1968.3334187089042,1154.5902456838658
895,5206299,1969.3403301105263,183.52647991022982
896,5206647,1969.9129472247275,143.476512702517
897,1506055275,1972.260740599027,691.472636577004
898,5262012,1976.3119933497305,152.15882931694034
899,5261397,1985.5889565528012,83.75867931780044
900,158747863,1985.6059919003862,1929.3693406778812
901,342010807,1988.1327410998651,1624.3213023669032
902,5262805,1988.8715192320403,243.66059103083504
903,158711441,1988.8873774549368,1834.9221092424848
904,342011176,1990.6885633612271,1686.4460964572006
905,341944414,1990.7126042600394,836.7816321131663
906,342011281,1991.0986732409879,1706.9616056220443
907,342009356,1995.9647346631534,1401.988282567885
908,5265337,1997.918469913345,554.3099343120555
909,342010156,2001.9477221163181,1520.765315117943
910,342011807,2004.6036934619353,1789.0669134452924
911,158798570,2005.196917339887,1864.4075153753788
912,158797508,2007.6130381322225,2038.65335503022
913,158797702,2009.367426856644,2008.3622311911545
914,158797935,2013.7043437278555,1967.144062767312
915,342012317,2018.7868882282767,1777.5915759690533
916,342013693,2019.8306949719367,1559.3061579297628
917,342012139,2022.0433131454474,1807.28263845414
918,342014370,2022.213792635061,1450.5964595669816
919,5418435,2022.4639633277127,562.864375433232
920,5357747,2024.2224989157705,148.73909747037266
921,5418440,2025.723966753916,563.4469367755437
922,311526934,2025.7733815310207,1117.6559148395816
923,5357946,2027.0475786307068,174.44012439478328
924,311525921,2027.7682259320045,1299.3748893758634
925,311527934,2030.1063660221866,954.0698976801857
926,311524322,2030.3442071468146,1598.24468538588
927,5359248,2031.1570031531546,327.3294274938739
928,311523337,2035.707400764281,1790.6706455993537
929,311523960,2040.8265224817249,1668.4293867428837
930,5421862,2046.7165404941575,584.2939621245332
931,158849879,2046.8121721693005,1833.5705922467719
932,311524140,2047.1944019424127,1631.8688684524936
933,5423347,2048.7361493255867,409.14523284780097
934,342060143,2052.425754651198,1319.9061225115315
935,342063586,2054.8202010423074,1753.493358844107
936,342059813,2056.79470412107,1279.3982187243155
937,5424884,2056.9247596660216,219.86401566078555
938,342061072,2061.673459606753,1452.7878801999436
939,5420960,2062.468090378764,700.3933478626144
940,342060048,2062.698208290413,1307.777226633786
941,5494171,2066.7298993603213,646.3802333257861
942,5494789,2066.7459913876432,727.6762899433073
943,310848354,2066.80254988451,1477.3261172163336
944,5493696,2076.451867097944,590.3897587106147
945,158929804,2077.506008872296,1882.89786355654
946,289813241,2080.8732584830514,288.0158559703959
947,289845731,2086.1200217586547,111.39609753135208
